customer_percent,cumulative_profit_percent
0.02,0.21
0.04,0.39
0.06,0.53
0.08,0.67
0.10,0.8
0.12,0.93
0.14,1.05
0.16,1.17
0.18,1.29
0.20,1.41
0.22,1.53
0.24,1.65
0.26,1.76
0.28,1.87
0.30,1.98
0.32,2.09
0.34,2.2
0.36,2.31
0.38,2.42
0.40,2.53
0.42,2.63
0.44,2.74
0.46,2.85
0.48,2.95
0.50,3.06
0.52,3.16
0.54,3.26
0.56,3.36
0.58,3.47
0.60,3.56
0.62,3.66
0.64,3.76
0.66,3.86
0.68,3.96
0.70,4.06
0.72,4.15
0.74,4.25
0.76,4.35
0.78,4.44
0.80,4.54
0.82,4.64
0.84,4.73
0.86,4.82
0.88,4.92
0.90,5.01
0.92,5.09
0.94,5.18
0.96,5.27
0.98,5.35
1.00,5.44
1.02,5.53
1.04,5.61
1.06,5.7
1.08,5.78
1.10,5.87
1.12,5.95
1.14,6.03
1.16,6.12
1.18,6.2
1.20,6.29
1.22,6.37
1.24,6.45
1.26,6.54
1.28,6.62
1.30,6.7
1.32,6.78
1.34,6.86
1.36,6.95
1.38,7.03
1.40,7.11
1.42,7.19
1.44,7.27
1.46,7.35
1.48,7.43
1.50,7.51
1.52,7.59
1.54,7.67
1.56,7.75
1.58,7.82
1.60,7.9
1.62,7.98
1.64,8.06
1.66,8.13
1.68,8.21
1.70,8.29
1.72,8.36
1.74,8.44
1.76,8.52
1.78,8.59
1.80,8.67
1.82,8.75
1.84,8.82
1.86,8.9
1.88,8.97
1.90,9.05
1.92,9.12
1.94,9.19
1.96,9.27
1.98,9.34
2.00,9.42
2.02,9.49
2.04,9.56
2.06,9.63
2.08,9.71
2.10,9.78
2.12,9.85
2.14,9.92
2.16,9.99
2.18,10.06
2.20,10.13
2.22,10.21
2.24,10.28
2.26,10.35
2.28,10.42
2.30,10.49
2.32,10.56
2.34,10.63
2.36,10.7
2.38,10.77
2.40,10.84
2.42,10.91
2.44,10.97
2.46,11.04
2.48,11.11
2.50,11.18
2.52,11.25
2.54,11.32
2.56,11.39
2.58,11.46
2.60,11.53
2.62,11.59
2.64,11.66
2.66,11.73
2.68,11.8
2.70,11.86
2.72,11.93
2.74,12
2.76,12.07
2.78,12.13
2.79,12.2
2.81,12.27
2.83,12.4
2.85,12.4
2.87,12.47
2.89,12.53
2.91,12.6
2.93,12.66
2.95,12.73
2.97,12.79
2.99,12.86
3.01,12.92
3.03,12.99
3.05,13.05
3.07,13.11
3.09,13.18
3.11,13.24
3.13,13.31
3.15,13.37
3.17,13.43
3.19,13.5
3.21,13.62
3.23,13.62
3.25,13.69
3.27,13.75
3.29,13.81
3.31,13.88
3.33,13.94
3.35,14
3.37,14.06
3.39,14.13
3.41,14.19
3.43,14.25
3.45,14.31
3.47,14.37
3.49,14.44
3.51,14.5
3.53,14.56
3.55,14.62
3.57,14.68
3.59,14.74
3.61,14.8
3.63,14.87
3.65,14.93
3.67,14.99
3.69,15.05
3.71,15.11
3.73,15.17
3.75,15.23
3.77,15.29
3.79,15.35
3.81,15.41
3.83,15.47
3.85,15.53
3.87,15.59
3.89,15.64
3.91,15.7
3.93,15.76
3.95,15.82
3.97,15.88
3.99,15.94
4.01,16
4.03,16.12
4.05,16.12
4.07,16.18
4.09,16.24
4.11,16.29
4.13,16.35
4.15,16.41
4.17,16.47
4.19,16.53
4.21,16.59
4.23,16.64
4.25,16.7
4.27,16.76
4.29,16.81
4.31,16.87
4.33,16.93
4.35,16.99
4.37,17.1
4.39,17.1
4.41,17.15
4.43,17.21
4.45,17.27
4.47,17.32
4.49,17.38
4.51,17.44
4.53,17.49
4.55,17.6
4.57,17.6
4.59,17.66
4.61,17.71
4.63,17.77
4.65,17.82
4.67,17.88
4.69,17.93
4.71,17.99
4.73,18.04
4.75,18.1
4.77,18.26
4.79,18.26
4.81,18.26
4.83,18.32
4.85,18.37
4.87,18.42
4.89,18.48
4.91,18.53
4.93,18.59
4.95,18.64
4.97,18.7
4.99,18.75
5.01,18.81
5.03,18.86
5.05,18.91
5.07,18.97
5.09,19.02
5.11,19.08
5.13,19.13
5.15,19.18
5.17,19.24
5.19,19.29
5.21,19.35
5.23,19.45
5.25,19.45
5.27,19.51
5.29,19.56
5.31,19.61
5.33,19.67
5.35,19.72
5.37,19.77
5.39,19.83
5.41,19.88
5.43,19.93
5.45,19.99
5.47,20.04
5.49,20.09
5.51,20.14
5.53,20.2
5.55,20.25
5.57,20.3
5.59,20.4
5.61,20.4
5.63,20.46
5.65,20.51
5.67,20.56
5.69,20.61
5.71,20.66
5.73,20.71
5.75,20.77
5.77,20.82
5.79,20.87
5.81,20.97
5.83,20.97
5.85,21.02
5.87,21.07
5.89,21.13
5.91,21.18
5.93,21.23
5.95,21.28
5.97,21.33
5.99,21.43
6.01,21.43
6.03,21.48
6.05,21.53
6.07,21.59
6.09,21.64
6.11,21.69
6.13,21.74
6.15,21.79
6.17,21.84
6.19,21.89
6.21,21.94
6.23,21.99
6.25,22.04
6.27,22.09
6.29,22.14
6.31,22.19
6.33,22.24
6.35,22.29
6.37,22.39
6.39,22.39
6.41,22.44
6.43,22.49
6.45,22.54
6.47,22.58
6.49,22.63
6.51,22.68
6.53,22.73
6.55,22.78
6.57,22.83
6.59,22.88
6.61,22.93
6.63,22.98
6.65,23.02
6.67,23.07
6.69,23.12
6.71,23.17
6.73,23.22
6.75,23.27
6.77,23.32
6.79,23.36
6.81,23.41
6.83,23.46
6.85,23.51
6.87,23.56
6.89,23.61
6.91,23.65
6.93,23.7
6.95,23.75
6.97,23.8
6.99,23.84
7.01,23.89
7.03,23.99
7.05,23.99
7.07,24.03
7.09,24.08
7.11,24.13
7.13,24.18
7.15,24.22
7.17,24.27
7.19,24.32
7.21,24.36
7.23,24.41
7.25,24.46
7.27,24.55
7.29,24.55
7.31,24.59
7.33,24.64
7.35,24.69
7.37,24.73
7.39,24.78
7.41,24.82
7.43,24.87
7.45,24.92
7.47,24.96
7.49,25.05
7.51,25.05
7.53,25.1
7.55,25.15
7.57,25.19
7.59,25.24
7.61,25.28
7.63,25.33
7.65,25.42
7.67,25.42
7.69,25.47
7.71,25.51
7.73,25.56
7.75,25.6
7.77,25.65
7.79,25.69
7.81,25.74
7.83,25.78
7.85,25.83
7.87,25.87
7.89,25.92
7.91,25.96
7.93,26.01
7.95,26.05
7.97,26.09
7.99,26.23
8.01,26.23
8.03,26.23
8.05,26.32
8.07,26.32
8.09,26.41
8.11,26.41
8.13,26.45
8.15,26.49
8.17,26.58
8.19,26.58
8.21,26.63
8.23,26.67
8.25,26.71
8.27,26.76
8.29,26.89
8.31,26.89
8.33,26.89
8.34,26.93
8.36,26.98
8.38,27.02
8.40,27.06
8.42,27.11
8.44,27.19
8.46,27.19
8.48,27.24
8.50,27.32
8.52,27.32
8.54,27.46
8.56,27.46
8.58,27.46
8.60,27.5
8.62,27.54
8.64,27.59
8.66,27.63
8.68,27.72
8.70,27.72
8.72,27.76
8.74,27.84
8.76,27.84
8.78,27.89
8.80,27.93
8.82,27.97
8.84,28.02
8.86,28.06
8.88,28.1
8.90,28.15
8.92,28.19
8.94,28.23
8.96,28.27
8.98,28.32
9.00,28.36
9.02,28.4
9.04,28.45
9.06,28.49
9.08,28.53
9.10,28.62
9.12,28.62
9.14,28.66
9.16,28.7
9.18,28.79
9.20,28.79
9.22,28.83
9.24,28.87
9.26,28.95
9.28,28.95
9.30,29
9.32,29.04
9.34,29.08
9.36,29.12
9.38,29.17
9.40,29.21
9.42,29.25
9.44,29.29
9.46,29.33
9.48,29.38
9.50,29.42
9.52,29.46
9.54,29.5
9.56,29.54
9.58,29.58
9.60,29.63
9.62,29.67
9.64,29.71
9.66,29.75
9.68,29.79
9.70,29.83
9.72,29.87
9.74,29.91
9.76,29.95
9.78,30.04
9.80,30.04
9.82,30.16
9.84,30.16
9.86,30.16
9.88,30.24
9.90,30.24
9.92,30.28
9.94,30.36
9.96,30.36
9.98,30.4
10.00,30.53
10.02,30.53
10.04,30.53
10.06,30.57
10.08,30.61
10.10,30.65
10.12,30.69
10.14,30.77
10.16,30.77
10.18,30.85
10.20,30.85
10.22,30.89
10.24,30.97
10.26,30.97
10.28,31.05
10.30,31.05
10.32,31.09
10.34,31.21
10.36,31.21
10.38,31.21
10.40,31.25
10.42,31.34
10.44,31.34
10.46,31.38
10.48,31.42
10.50,31.46
10.52,31.5
10.54,31.54
10.56,31.62
10.58,31.62
10.60,31.7
10.62,31.7
10.64,31.78
10.66,31.78
10.68,31.82
10.70,31.9
10.72,31.9
10.74,31.98
10.76,31.98
10.78,32.02
10.80,32.06
10.82,32.1
10.84,32.14
10.86,32.22
10.88,32.22
10.90,32.26
10.92,32.3
10.94,32.34
10.96,32.41
10.98,32.41
11.00,32.45
11.02,32.49
11.04,32.61
11.06,32.61
11.08,32.61
11.10,32.65
11.12,32.69
11.14,32.73
11.16,32.77
11.18,32.81
11.20,32.85
11.22,32.89
11.24,32.93
11.26,32.97
11.28,33.01
11.30,33.04
11.32,33.08
11.34,33.12
11.36,33.2
11.38,33.2
11.40,33.24
11.42,33.28
11.44,33.32
11.46,33.35
11.48,33.39
11.50,33.43
11.52,33.47
11.54,33.51
11.56,33.55
11.58,33.58
11.60,33.66
11.62,33.66
11.64,33.7
11.66,33.77
11.68,33.77
11.70,33.81
11.72,33.85
11.74,33.89
11.76,33.96
11.78,33.96
11.80,34
11.82,34.04
11.84,34.08
11.86,34.12
11.88,34.15
11.90,34.23
11.92,34.23
11.94,34.27
11.96,34.3
11.98,34.42
12.00,34.42
12.02,34.42
12.04,34.46
12.06,34.49
12.08,34.53
12.10,34.57
12.12,34.61
12.14,34.64
12.16,34.76
12.18,34.76
12.20,34.76
12.22,34.83
12.24,34.83
12.26,34.87
12.28,34.91
12.30,34.94
12.32,34.98
12.34,35.06
12.36,35.06
12.38,35.09
12.40,35.21
12.42,35.21
12.44,35.21
12.46,35.28
12.48,35.28
12.50,35.32
12.52,35.43
12.54,35.43
12.56,35.43
12.58,35.47
12.60,35.51
12.62,35.54
12.64,35.58
12.66,35.62
12.68,35.73
12.70,35.73
12.72,35.73
12.74,35.77
12.76,35.8
12.78,35.84
12.80,35.88
12.82,35.95
12.84,35.95
12.86,36.03
12.88,36.03
12.90,36.06
12.92,36.14
12.94,36.14
12.96,36.21
12.98,36.21
13.00,36.29
13.02,36.29
13.04,36.32
13.06,36.4
13.08,36.4
13.10,36.44
13.12,36.47
13.14,36.51
13.16,36.55
13.18,36.58
13.20,36.62
13.22,36.66
13.24,36.69
13.26,36.8
13.28,36.8
13.30,36.8
13.32,36.84
13.34,36.88
13.36,36.91
13.38,36.95
13.40,36.99
13.42,37.02
13.44,37.06
13.46,37.1
13.48,37.13
13.50,37.17
13.52,37.2
13.54,37.24
13.56,37.31
13.58,37.31
13.60,37.35
13.62,37.42
13.64,37.42
13.66,37.46
13.68,37.49
13.70,37.53
13.72,37.56
13.74,37.6
13.76,37.64
13.78,37.71
13.80,37.71
13.82,37.74
13.84,37.78
13.86,37.89
13.88,37.89
13.89,37.89
13.91,37.92
13.93,37.99
13.95,37.99
13.97,38.06
13.99,38.06
14.01,38.1
14.03,38.13
14.05,38.17
14.07,38.2
14.09,38.24
14.11,38.28
14.13,38.31
14.15,38.38
14.17,38.38
14.19,38.42
14.21,38.45
14.23,38.49
14.25,38.52
14.27,38.66
14.29,38.66
14.31,38.66
14.33,38.66
14.35,38.7
14.37,38.73
14.39,38.8
14.41,38.8
14.43,38.84
14.45,38.87
14.47,38.91
14.49,38.98
14.51,38.98
14.53,39.01
14.55,39.05
14.57,39.08
14.59,39.12
14.61,39.15
14.63,39.19
14.65,39.26
14.67,39.26
14.69,39.29
14.71,39.4
14.73,39.4
14.75,39.4
14.77,39.43
14.79,39.47
14.81,39.57
14.83,39.57
14.85,39.57
14.87,39.61
14.89,39.64
14.91,39.68
14.93,39.71
14.95,39.75
14.97,39.78
14.99,39.82
15.01,39.95
15.03,39.95
15.05,39.95
15.07,39.95
15.09,40.02
15.11,40.02
15.13,40.09
15.15,40.09
15.17,40.13
15.19,40.16
15.21,40.2
15.23,40.23
15.25,40.26
15.27,40.33
15.29,40.33
15.31,40.37
15.33,40.4
15.35,40.44
15.37,40.47
15.39,40.5
15.41,40.54
15.43,40.57
15.45,40.64
15.47,40.64
15.49,40.68
15.51,40.71
15.53,40.74
15.55,40.91
15.57,40.91
15.59,40.91
15.61,40.91
15.63,40.91
15.65,40.95
15.67,40.98
15.69,41.02
15.71,41.05
15.73,41.08
15.75,41.12
15.77,41.15
15.79,41.19
15.81,41.22
15.83,41.25
15.85,41.29
15.87,41.32
15.89,41.35
15.91,41.39
15.93,41.42
15.95,41.45
15.97,41.49
15.99,41.52
16.01,41.55
16.03,41.59
16.05,41.62
16.07,41.65
16.09,41.69
16.11,41.72
16.13,41.75
16.15,41.78
16.17,42.08
16.19,42.08
16.21,42.08
16.23,42.08
16.25,42.08
16.27,42.08
16.29,42.08
16.31,42.08
16.33,42.08
16.35,42.15
16.37,42.15
16.39,42.18
16.41,42.21
16.43,42.28
16.45,42.28
16.47,42.37
16.49,42.37
16.51,42.37
16.53,42.41
16.55,42.47
16.57,42.47
16.59,42.5
16.61,42.57
16.63,42.57
16.65,42.63
16.67,42.63
16.69,42.67
16.71,42.7
16.73,42.73
16.75,42.8
16.77,42.8
16.79,42.86
16.81,42.86
16.83,42.99
16.85,42.99
16.87,42.99
16.89,42.99
16.91,43.06
16.93,43.06
16.95,43.09
16.97,43.12
16.99,43.15
17.01,43.31
17.03,43.31
17.05,43.31
17.07,43.31
17.09,43.31
17.11,43.35
17.13,43.41
17.15,43.41
17.17,43.44
17.19,43.48
17.21,43.51
17.23,43.6
17.25,43.6
17.27,43.6
17.29,43.64
17.31,43.8
17.33,43.8
17.35,43.8
17.37,43.8
17.39,43.8
17.41,43.83
17.43,43.86
17.45,43.89
17.47,43.96
17.49,43.96
17.51,44.05
17.53,44.05
17.55,44.05
17.57,44.09
17.59,44.12
17.61,44.18
17.63,44.18
17.65,44.25
17.67,44.25
17.69,44.31
17.71,44.31
17.73,44.34
17.75,44.37
17.77,44.41
17.79,44.44
17.81,44.47
17.83,44.5
17.85,44.56
17.87,44.56
17.89,44.6
17.91,44.63
17.93,44.66
17.95,44.79
17.97,44.79
17.99,44.79
18.01,44.79
18.03,44.82
18.05,44.88
18.07,44.88
18.09,44.91
18.11,44.94
18.13,44.97
18.15,45.01
18.17,45.04
18.19,45.1
18.21,45.1
18.23,45.13
18.25,45.16
18.27,45.19
18.29,45.22
18.31,45.26
18.33,45.29
18.35,45.32
18.37,45.35
18.39,45.38
18.41,45.41
18.43,45.44
18.45,45.5
18.47,45.5
18.49,45.53
18.51,45.56
18.53,45.59
18.55,45.62
18.57,45.66
18.59,45.69
18.61,45.72
18.63,45.75
18.65,45.78
18.67,45.81
18.69,45.84
18.71,45.87
18.73,45.9
18.75,45.93
18.77,46.14
18.79,46.14
18.81,46.14
18.83,46.14
18.85,46.14
18.87,46.14
18.89,46.14
18.91,46.23
18.93,46.23
18.95,46.23
18.97,46.26
18.99,46.29
19.01,46.38
19.03,46.38
19.05,46.38
19.07,46.41
19.09,46.5
19.11,46.5
19.13,46.5
19.15,46.53
19.17,46.59
19.19,46.59
19.21,46.62
19.23,46.65
19.25,46.68
19.27,46.71
19.29,46.8
19.31,46.8
19.33,46.8
19.35,46.83
19.37,46.89
19.39,46.89
19.41,46.98
19.43,46.98
19.44,46.98
19.46,47.01
19.48,47.15
19.50,47.15
19.52,47.15
19.54,47.15
19.56,47.15
19.58,47.18
19.60,47.24
19.62,47.24
19.64,47.27
19.66,47.3
19.68,47.36
19.70,47.36
19.72,47.39
19.74,47.42
19.76,47.45
19.78,47.54
19.80,47.54
19.82,47.54
19.84,47.57
19.86,47.63
19.88,47.63
19.90,47.66
19.92,47.69
19.94,47.72
19.96,47.75
19.98,47.78
20.00,47.86
20.02,47.86
20.04,47.86
20.06,47.95
20.08,47.95
20.10,47.95
20.12,47.98
20.14,48.07
20.16,48.07
20.18,48.07
20.20,48.16
20.22,48.16
20.24,48.16
20.26,48.19
20.28,48.25
20.30,48.25
20.32,48.28
20.34,48.3
20.36,48.33
20.38,48.39
20.40,48.39
20.42,48.48
20.44,48.48
20.46,48.48
20.48,48.51
20.50,48.54
20.52,48.57
20.54,48.6
20.56,48.66
20.58,48.66
20.60,48.68
20.62,48.71
20.64,48.77
20.66,48.77
20.68,48.8
20.70,48.83
20.72,48.89
20.74,48.89
20.76,48.95
20.78,48.95
20.80,48.98
20.82,49
20.84,49.03
20.86,49.06
20.88,49.09
20.90,49.24
20.92,49.24
20.94,49.24
20.96,49.24
20.98,49.24
21.00,49.26
21.02,49.29
21.04,49.32
21.06,49.35
21.08,49.38
21.10,49.44
21.12,49.44
21.14,49.46
21.16,49.49
21.18,49.52
21.20,49.58
21.22,49.58
21.24,49.61
21.26,49.64
21.28,49.69
21.30,49.69
21.32,49.72
21.34,49.75
21.36,49.78
21.38,49.81
21.40,49.86
21.42,49.86
21.44,49.95
21.46,49.95
21.48,49.95
21.50,49.97
21.52,50
21.54,50.03
21.56,50.06
21.58,50.09
21.60,50.12
21.62,50.14
21.64,50.23
21.66,50.23
21.68,50.23
21.70,50.25
21.72,50.28
21.74,50.37
21.76,50.37
21.78,50.37
21.80,50.39
21.82,50.42
21.84,50.5
21.86,50.5
21.88,50.5
21.90,50.56
21.92,50.56
21.94,50.64
21.96,50.64
21.98,50.64
22.00,50.67
22.02,50.7
22.04,50.73
22.06,50.75
22.08,51.13
22.10,51.13
22.12,51.13
22.14,51.13
22.16,51.13
22.18,51.13
22.20,51.13
22.22,51.13
22.24,51.13
22.26,51.13
22.28,51.13
22.30,51.13
22.32,51.13
22.34,51.13
22.36,51.16
22.38,51.24
22.40,51.24
22.42,51.24
22.44,51.33
22.46,51.33
22.48,51.33
22.50,51.41
22.52,51.41
22.54,51.41
22.56,51.46
22.58,51.46
22.60,51.49
22.62,51.52
22.64,51.73
22.66,51.73
22.68,51.73
22.70,51.73
22.72,51.73
22.74,51.73
22.76,51.73
22.78,51.73
22.80,51.76
22.82,51.84
22.84,51.84
22.86,51.84
22.88,51.87
22.90,51.9
22.92,52.03
22.94,52.03
22.96,52.03
22.98,52.03
23.00,52.03
23.02,52.09
23.04,52.09
23.06,52.17
23.08,52.17
23.10,52.17
23.12,52.2
23.14,52.25
23.16,52.25
23.18,52.33
23.20,52.33
23.22,52.33
23.24,52.36
23.26,52.38
23.28,52.55
23.30,52.55
23.32,52.55
23.34,52.55
23.36,52.55
23.38,52.55
23.40,52.57
23.42,52.63
23.44,52.63
23.46,52.68
23.48,52.68
23.50,52.84
23.52,52.84
23.54,52.84
23.56,52.84
23.58,52.84
23.60,52.84
23.62,52.9
23.64,52.9
23.66,52.92
23.68,52.95
23.70,52.98
23.72,53.06
23.74,53.06
23.76,53.06
23.78,53.08
23.80,53.11
23.82,53.17
23.84,53.17
23.86,53.51
23.88,53.51
23.90,53.51
23.92,53.51
23.94,53.51
23.96,53.51
23.98,53.51
24.00,53.51
24.02,53.51
24.04,53.51
24.06,53.51
24.08,53.51
24.10,53.51
24.12,53.59
24.14,53.59
24.16,53.59
24.18,53.65
24.20,53.65
24.22,53.67
24.24,53.7
24.26,53.73
24.28,53.75
24.30,53.78
24.32,53.83
24.34,53.83
24.36,53.91
24.38,53.91
24.40,53.91
24.42,53.99
24.44,53.99
24.46,53.99
24.48,54.05
24.50,54.05
24.52,54.07
24.54,54.1
24.56,54.13
24.58,54.18
24.60,54.18
24.62,54.21
24.64,54.23
24.66,54.28
24.68,54.28
24.70,54.34
24.72,54.34
24.74,54.36
24.76,54.39
24.78,54.42
24.80,54.44
24.82,54.47
24.84,54.5
24.86,54.63
24.88,54.63
24.90,54.63
24.92,54.63
24.94,54.63
24.96,54.65
24.98,54.68
25.00,54.7
25.01,54.73
25.03,54.76
25.05,54.84
25.07,54.84
25.09,54.84
25.11,54.86
25.13,54.89
25.15,54.97
25.17,54.97
25.19,54.97
25.21,54.99
25.23,55.02
25.25,55.04
25.27,55.07
25.29,55.09
25.31,55.15
25.33,55.15
25.35,55.2
25.37,55.2
25.39,55.22
25.41,55.25
25.43,55.43
25.45,55.43
25.47,55.43
25.49,55.43
25.51,55.43
25.53,55.43
25.55,55.43
25.57,55.45
25.59,55.48
25.61,55.51
25.63,55.53
25.65,55.56
25.67,55.58
25.69,55.61
25.71,55.81
25.73,55.81
25.75,55.81
25.77,55.81
25.79,55.81
25.81,55.81
25.83,55.81
25.85,55.81
25.87,55.84
25.89,55.89
25.91,55.89
25.93,55.91
25.95,55.99
25.97,55.99
25.99,55.99
26.01,56.01
26.03,56.06
26.05,56.06
26.07,56.09
26.09,56.11
26.11,56.14
26.13,56.16
26.15,56.19
26.17,56.26
26.19,56.26
26.21,56.26
26.23,56.34
26.25,56.34
26.27,56.34
26.29,56.36
26.31,56.41
26.33,56.41
26.35,56.44
26.37,56.46
26.39,57
26.41,57
26.43,57
26.45,57
26.47,57
26.49,57
26.51,57
26.53,57
26.55,57
26.57,57
26.59,57
26.61,57
26.63,57
26.65,57
26.67,57
26.69,57
26.71,57
26.73,57
26.75,57
26.77,57
26.79,57
26.81,57
26.83,57.03
26.85,57.08
26.87,57.08
26.89,57.15
26.91,57.15
26.93,57.15
26.95,57.27
26.97,57.27
26.99,57.27
27.01,57.27
27.03,57.27
27.05,57.3
27.07,57.42
27.09,57.42
27.11,57.42
27.13,57.42
27.15,57.42
27.17,57.47
27.19,57.47
27.21,57.49
27.23,57.89
27.25,57.89
27.27,57.89
27.29,57.89
27.31,57.89
27.33,57.89
27.35,57.89
27.37,57.89
27.39,57.89
27.41,57.89
27.43,57.89
27.45,57.89
27.47,57.89
27.49,57.89
27.51,57.89
27.53,57.89
27.55,57.93
27.57,57.93
27.59,57.98
27.61,57.98
27.63,58.03
27.65,58.03
27.67,58.08
27.69,58.08
27.71,58.15
27.73,58.15
27.75,58.15
27.77,58.2
27.79,58.2
27.81,58.23
27.83,58.32
27.85,58.32
27.87,58.32
27.89,58.32
27.91,58.42
27.93,58.42
27.95,58.42
27.97,58.42
27.99,58.47
28.01,58.47
28.03,58.52
28.05,58.52
28.07,58.54
28.09,58.57
28.11,58.59
28.13,58.71
28.15,58.71
28.17,58.71
28.19,58.71
28.21,58.71
28.23,58.74
28.25,58.76
28.27,58.79
28.29,58.83
28.31,58.83
28.33,58.91
28.35,58.91
28.37,58.91
28.39,58.93
28.41,58.98
28.43,58.98
28.45,59
28.47,59.03
28.49,59.41
28.51,59.41
28.53,59.41
28.55,59.41
28.57,59.41
28.59,59.41
28.61,59.41
28.63,59.41
28.65,59.41
28.67,59.41
28.69,59.41
28.71,59.41
28.73,59.41
28.75,59.41
28.77,59.41
28.79,59.41
28.81,59.56
28.83,59.56
28.85,59.56
28.87,59.56
28.89,59.56
28.91,59.56
28.93,59.58
28.95,59.61
28.97,59.63
28.99,59.65
29.01,59.7
29.03,59.7
29.05,59.73
29.07,59.77
29.09,59.77
29.11,59.82
29.13,59.82
29.15,59.87
29.17,59.87
29.19,60.01
29.21,60.01
29.23,60.01
29.25,60.01
29.27,60.01
29.29,60.01
29.31,60.08
29.33,60.08
29.35,60.08
29.37,60.18
29.39,60.18
29.41,60.18
29.43,60.18
29.45,60.2
29.47,60.3
29.49,60.3
29.51,60.3
29.53,60.3
29.55,60.37
29.57,60.37
29.59,60.37
29.61,60.39
29.63,60.46
29.65,60.46
29.67,60.46
29.69,60.84
29.71,60.84
29.73,60.84
29.75,60.84
29.77,60.84
29.79,60.84
29.81,60.84
29.83,60.84
29.85,60.84
29.87,60.84
29.89,60.84
29.91,60.84
29.93,60.84
29.95,60.84
29.97,60.84
29.99,60.84
30.01,60.86
30.03,60.89
30.05,60.91
30.07,60.93
30.09,60.96
30.11,60.98
30.13,61
30.15,61.03
30.17,61.05
30.19,61.07
30.21,61.1
30.23,61.12
30.25,61.14
30.27,61.17
30.29,61.19
30.31,61.21
30.33,61.24
30.35,61.28
30.37,61.28
30.39,61.35
30.41,61.35
30.43,61.35
30.45,61.4
30.47,61.4
30.49,61.42
30.51,61.44
30.53,61.51
30.55,61.51
30.56,61.51
30.58,61.53
30.60,61.56
30.62,61.6
30.64,61.6
30.66,61.62
30.68,61.65
30.70,61.67
30.72,61.71
30.74,61.71
30.76,61.74
30.78,61.76
30.80,61.78
30.82,61.87
30.84,61.87
30.86,61.87
30.88,61.87
30.90,61.89
30.92,61.91
30.94,61.94
30.96,61.96
30.98,61.98
31.00,62.07
31.02,62.07
31.04,62.07
31.06,62.07
31.08,62.09
31.10,62.24
31.12,62.24
31.14,62.24
31.16,62.24
31.18,62.24
31.20,62.24
31.22,62.24
31.24,62.66
31.26,62.66
31.28,62.66
31.30,62.66
31.32,62.66
31.34,62.66
31.36,62.66
31.38,62.66
31.40,62.66
31.42,62.66
31.44,62.66
31.46,62.66
31.48,62.66
31.50,62.66
31.52,62.66
31.54,62.66
31.56,62.66
31.58,62.66
31.60,62.66
31.62,62.72
31.64,62.72
31.66,62.72
31.68,62.75
31.70,62.81
31.72,62.81
31.74,62.81
31.76,62.88
31.78,62.88
31.80,62.88
31.82,63.29
31.84,63.29
31.86,63.29
31.88,63.29
31.90,63.29
31.92,63.29
31.94,63.29
31.96,63.29
31.98,63.29
32.00,63.29
32.02,63.29
32.04,63.29
32.06,63.29
32.08,63.29
32.10,63.29
32.12,63.29
32.14,63.29
32.16,63.29
32.18,63.29
32.20,63.35
32.22,63.35
32.24,63.35
32.26,63.38
32.28,63.4
32.30,63.48
32.32,63.48
32.34,63.48
32.36,63.48
32.38,63.57
32.40,63.57
32.42,63.57
32.44,63.57
32.46,63.59
32.48,63.7
32.50,63.7
32.52,63.7
32.54,63.7
32.56,63.7
32.58,63.74
32.60,63.74
32.62,63.79
32.64,63.79
32.66,63.9
32.68,63.9
32.70,63.9
32.72,63.9
32.74,63.9
32.76,63.96
32.78,63.96
32.80,63.96
32.82,64.03
32.84,64.03
32.86,64.03
32.88,64.05
32.90,64.11
32.92,64.11
32.94,64.11
32.96,64.24
32.98,64.24
33.00,64.24
33.02,64.24
33.04,64.24
33.06,64.24
33.08,64.26
33.10,64.28
33.12,64.33
33.14,64.33
33.16,64.84
33.18,64.84
33.20,64.84
33.22,64.84
33.24,64.84
33.26,64.84
33.28,64.84
33.30,64.84
33.32,64.84
33.34,64.84
33.36,64.84
33.38,64.84
33.40,64.84
33.42,64.84
33.44,64.84
33.46,64.84
33.48,64.84
33.50,64.84
33.52,64.84
33.54,64.84
33.56,64.84
33.58,64.84
33.60,64.84
33.62,64.84
33.64,64.86
33.66,64.88
33.68,64.91
33.70,64.93
33.72,64.95
33.74,65.1
33.76,65.1
33.78,65.1
33.80,65.1
33.82,65.1
33.84,65.1
33.86,65.1
33.88,65.12
33.90,65.22
33.92,65.22
33.94,65.22
33.96,65.22
33.98,65.22
34.00,65.25
34.02,65.39
34.04,65.39
34.06,65.39
34.08,65.39
34.10,65.39
34.12,65.39
34.14,65.39
34.16,65.42
34.18,65.44
34.20,65.46
34.22,65.48
34.24,65.56
34.26,65.56
34.28,65.56
34.30,65.56
34.32,65.59
34.34,65.63
34.36,65.63
34.38,65.65
34.40,65.67
34.42,65.69
34.44,65.71
34.46,65.73
34.48,65.75
34.50,65.77
34.52,66.19
34.54,66.19
34.56,66.19
34.58,66.19
34.60,66.19
34.62,66.19
34.64,66.19
34.66,66.19
34.68,66.19
34.70,66.19
34.72,66.19
34.74,66.19
34.76,66.19
34.78,66.19
34.80,66.19
34.82,66.19
34.84,66.19
34.86,66.19
34.88,66.19
34.90,66.19
34.92,66.22
34.94,66.26
34.96,66.26
34.98,66.28
35.00,66.3
35.02,66.32
35.04,66.34
35.06,66.36
35.08,66.38
35.10,66.47
35.12,66.47
35.14,66.47
35.16,66.47
35.18,66.76
35.20,66.76
35.22,66.76
35.24,66.76
35.26,66.76
35.28,66.76
35.30,66.76
35.32,66.76
35.34,66.76
35.36,66.76
35.38,66.76
35.40,66.76
35.42,66.76
35.44,66.76
35.46,66.78
35.48,66.88
35.50,66.88
35.52,66.88
35.54,66.88
35.56,66.88
35.58,66.94
35.60,66.94
35.62,66.94
35.64,67
35.66,67
35.68,67
35.70,67.04
35.72,67.04
35.74,67.06
35.76,67.09
35.78,67.15
35.80,67.15
35.82,67.15
35.84,67.17
35.86,67.19
35.88,67.25
35.90,67.25
35.92,67.25
35.94,67.29
35.96,67.29
35.98,67.35
36.00,67.35
36.02,67.35
36.04,67.39
36.06,67.39
36.08,67.41
36.10,67.43
36.11,67.45
36.13,67.51
36.15,67.51
36.17,67.51
36.19,67.53
36.21,67.55
36.23,67.59
36.25,67.59
36.27,67.61
36.29,67.71
36.31,67.71
36.33,67.71
36.35,67.71
36.37,67.71
36.39,67.73
36.41,67.77
36.43,67.77
36.45,67.79
36.47,67.92
36.49,67.92
36.51,67.92
36.53,67.92
36.55,67.92
36.57,67.92
36.59,67.92
36.61,67.96
36.63,67.96
36.65,68.02
36.67,68.02
36.69,68.02
36.71,68.04
36.73,68.18
36.75,68.18
36.77,68.18
36.79,68.18
36.81,68.18
36.83,68.18
36.85,68.18
36.87,68.25
36.89,68.25
36.91,68.25
36.93,68.25
36.95,68.87
36.97,68.87
36.99,68.87
37.01,68.87
37.03,68.87
37.05,68.87
37.07,68.87
37.09,68.87
37.11,68.87
37.13,68.87
37.15,68.87
37.17,68.87
37.19,68.87
37.21,68.87
37.23,68.87
37.25,68.87
37.27,68.87
37.29,68.87
37.31,68.87
37.33,68.87
37.35,68.87
37.37,68.87
37.39,68.87
37.41,68.87
37.43,68.87
37.45,68.87
37.47,68.87
37.49,68.87
37.51,68.87
37.53,68.87
37.55,68.87
37.57,68.87
37.59,68.88
37.61,68.9
37.63,68.98
37.65,68.98
37.67,68.98
37.69,68.98
37.71,69.06
37.73,69.06
37.75,69.06
37.77,69.06
37.79,69.63
37.81,69.63
37.83,69.63
37.85,69.63
37.87,69.63
37.89,69.63
37.91,69.63
37.93,69.63
37.95,69.63
37.97,69.63
37.99,69.63
38.01,69.63
38.03,69.63
38.05,69.63
38.07,69.63
38.09,69.63
38.11,69.63
38.13,69.63
38.15,69.63
38.17,69.63
38.19,69.63
38.21,69.63
38.23,69.63
38.25,69.63
38.27,69.63
38.29,69.63
38.31,69.63
38.33,69.63
38.35,69.63
38.37,69.63
38.39,69.65
38.41,69.68
38.43,69.68
38.45,69.7
38.47,69.86
38.49,69.86
38.51,69.86
38.53,69.86
38.55,69.86
38.57,69.86
38.59,69.86
38.61,69.86
38.63,69.95
38.65,69.95
38.67,69.95
38.69,69.95
38.71,69.95
38.73,70.08
38.75,70.08
38.77,70.08
38.79,70.08
38.81,70.08
38.83,70.08
38.85,70.08
38.87,70.1
38.89,70.12
38.91,70.27
38.93,70.27
38.95,70.27
38.97,70.27
38.99,70.27
39.01,70.27
39.03,70.27
39.05,70.27
39.07,70.31
39.09,70.31
39.11,70.38
39.13,70.38
39.15,70.38
39.17,70.38
39.19,70.42
39.21,70.42
39.23,70.52
39.25,70.52
39.27,70.52
39.29,70.52
39.31,70.52
39.33,70.53
39.35,70.55
39.37,71.34
39.39,71.34
39.41,71.34
39.43,71.34
39.45,71.34
39.47,71.34
39.49,71.34
39.51,71.34
39.53,71.34
39.55,71.34
39.57,71.34
39.59,71.34
39.61,71.34
39.63,71.34
39.65,71.34
39.67,71.34
39.69,71.34
39.71,71.34
39.73,71.34
39.75,71.34
39.77,71.34
39.79,71.34
39.81,71.34
39.83,71.34
39.85,71.34
39.87,71.34
39.89,71.34
39.91,71.34
39.93,71.34
39.95,71.34
39.97,71.34
39.99,71.34
40.01,71.34
40.03,71.34
40.05,71.34
40.07,71.34
40.09,71.34
40.11,71.34
40.13,71.34
40.15,71.34
40.17,71.34
40.19,71.34
40.21,71.36
40.23,71.38
40.25,71.4
40.27,71.45
40.29,71.45
40.31,71.45
40.33,71.47
40.35,71.53
40.37,71.53
40.39,71.53
40.41,71.55
40.43,71.66
40.45,71.66
40.47,71.66
40.49,71.66
40.51,71.66
40.53,71.66
40.55,71.68
40.57,71.69
40.59,71.71
40.61,71.79
40.63,71.79
40.65,71.79
40.67,71.79
40.69,71.84
40.71,71.84
40.73,71.84
40.75,71.93
40.77,71.93
40.79,71.93
40.81,71.93
40.83,71.93
40.85,72.32
40.87,72.32
40.89,72.32
40.91,72.32
40.93,72.32
40.95,72.32
40.97,72.32
40.99,72.32
41.01,72.32
41.03,72.32
41.05,72.32
41.07,72.32
41.09,72.32
41.11,72.32
41.13,72.32
41.15,72.32
41.17,72.32
41.19,72.32
41.21,72.32
41.23,72.32
41.25,72.32
41.27,72.36
41.29,72.36
41.31,72.38
41.33,72.4
41.35,73.02
41.37,73.02
41.39,73.02
41.41,73.02
41.43,73.02
41.45,73.02
41.47,73.02
41.49,73.02
41.51,73.02
41.53,73.02
41.55,73.02
41.57,73.02
41.59,73.02
41.61,73.02
41.63,73.02
41.65,73.02
41.67,73.02
41.68,73.02
41.70,73.02
41.72,73.02
41.74,73.02
41.76,73.02
41.78,73.02
41.80,73.02
41.82,73.02
41.84,73.02
41.86,73.02
41.88,73.02
41.90,73.02
41.92,73.02
41.94,73.02
41.96,73.02
41.98,73.02
42.00,73.02
42.02,73.06
42.04,73.06
42.06,73.09
42.08,73.09
42.10,73.17
42.12,73.17
42.14,73.17
42.16,73.17
42.18,73.18
42.20,73.2
42.22,73.22
42.24,73.26
42.26,73.26
42.28,73.27
42.30,73.33
42.32,73.33
42.34,73.33
42.36,73.35
42.38,73.36
42.40,73.4
42.42,73.4
42.44,73.43
42.46,73.43
42.48,73.47
42.50,73.47
42.52,73.51
42.54,73.51
42.56,73.52
42.58,73.59
42.60,73.59
42.62,73.59
42.64,73.59
42.66,73.61
42.68,73.63
42.70,73.68
42.72,73.68
42.74,73.68
42.76,73.72
42.78,73.72
42.80,73.77
42.82,73.77
42.84,73.77
42.86,73.79
42.88,73.87
42.90,73.87
42.92,73.87
42.94,73.87
42.96,73.87
42.98,73.89
43.00,73.91
43.02,74.01
43.04,74.01
43.06,74.01
43.08,74.01
43.10,74.01
43.12,74.01
43.14,74.08
43.16,74.08
43.18,74.08
43.20,74.08
43.22,74.09
43.24,74.2
43.26,74.2
43.28,74.2
43.30,74.2
43.32,74.2
43.34,74.2
43.36,74.21
43.38,74.23
43.40,74.3
43.42,74.3
43.44,74.3
43.46,74.3
43.48,74.31
43.50,75.02
43.52,75.02
43.54,75.02
43.56,75.02
43.58,75.02
43.60,75.02
43.62,75.02
43.64,75.02
43.66,75.02
43.68,75.02
43.70,75.02
43.72,75.02
43.74,75.02
43.76,75.02
43.78,75.02
43.80,75.02
43.82,75.02
43.84,75.02
43.86,75.02
43.88,75.02
43.90,75.02
43.92,75.02
43.94,75.02
43.96,75.02
43.98,75.02
44.00,75.02
44.02,75.02
44.04,75.02
44.06,75.02
44.08,75.02
44.10,75.02
44.12,75.02
44.14,75.02
44.16,75.02
44.18,75.02
44.20,75.02
44.22,75.02
44.24,75.02
44.26,75.02
44.28,75.02
44.30,75.02
44.32,75.02
44.34,75.02
44.36,75.07
44.38,75.07
44.40,75.07
44.42,75.12
44.44,75.12
44.46,75.12
44.48,75.17
44.50,75.17
44.52,75.17
44.54,75.26
44.56,75.26
44.58,75.26
44.60,75.26
44.62,75.26
44.64,75.26
44.66,75.35
44.68,75.35
44.70,75.35
44.72,75.35
44.74,75.35
44.76,75.39
44.78,75.39
44.80,75.39
44.82,75.85
44.84,75.85
44.86,75.85
44.88,75.85
44.90,75.85
44.92,75.85
44.94,75.85
44.96,75.85
44.98,75.85
45.00,75.85
45.02,75.85
45.04,75.85
45.06,75.85
45.08,75.85
45.10,75.85
45.12,75.85
45.14,75.85
45.16,75.85
45.18,75.85
45.20,75.85
45.22,75.85
45.24,75.85
45.26,75.85
45.28,75.85
45.30,75.85
45.32,75.85
45.34,75.85
45.36,75.85
45.38,75.87
45.40,75.88
45.42,75.92
45.44,75.92
45.46,76.11
45.48,76.11
45.50,76.11
45.52,76.11
45.54,76.11
45.56,76.11
45.58,76.11
45.60,76.11
45.62,76.11
45.64,76.11
45.66,76.11
45.68,76.11
45.70,76.18
45.72,76.18
45.74,76.18
45.76,76.18
45.78,76.29
45.80,76.29
45.82,76.29
45.84,76.29
45.86,76.29
45.88,76.29
45.90,76.29
45.92,76.37
45.94,76.37
45.96,76.37
45.98,76.37
46.00,76.37
46.02,77.13
46.04,77.13
46.06,77.13
46.08,77.13
46.10,77.13
46.12,77.13
46.14,77.13
46.16,77.13
46.18,77.13
46.20,77.13
46.22,77.13
46.24,77.13
46.26,77.13
46.28,77.13
46.30,77.13
46.32,77.13
46.34,77.13
46.36,77.13
46.38,77.13
46.40,77.13
46.42,77.13
46.44,77.13
46.46,77.13
46.48,77.13
46.50,77.13
46.52,77.13
46.54,77.13
46.56,77.13
46.58,77.13
46.60,77.13
46.62,77.13
46.64,77.13
46.66,77.13
46.68,77.13
46.70,77.13
46.72,77.13
46.74,77.13
46.76,77.13
46.78,77.13
46.80,77.13
46.82,77.13
46.84,77.13
46.86,77.13
46.88,77.13
46.90,77.13
46.92,77.13
46.94,77.13
46.96,77.16
46.98,77.16
47.00,77.18
47.02,77.24
47.04,77.24
47.06,77.24
47.08,77.24
47.10,77.27
47.12,77.27
47.14,77.29
47.16,77.37
47.18,77.37
47.20,77.37
47.22,77.37
47.23,77.37
47.25,77.93
47.27,77.93
47.29,77.93
47.31,77.93
47.33,77.93
47.35,77.93
47.37,77.93
47.39,77.93
47.41,77.93
47.43,77.93
47.45,77.93
47.47,77.93
47.49,77.93
47.51,77.93
47.53,77.93
47.55,77.93
47.57,77.93
47.59,77.93
47.61,77.93
47.63,77.93
47.65,77.93
47.67,77.93
47.69,77.93
47.71,77.93
47.73,77.93
47.75,77.93
47.77,77.93
47.79,77.93
47.81,77.93
47.83,77.93
47.85,77.93
47.87,77.93
47.89,77.93
47.91,77.93
47.93,77.93
47.95,77.95
47.97,78.03
47.99,78.03
48.01,78.03
48.03,78.03
48.05,78.03
48.07,78.04
48.09,78.08
48.11,78.08
48.13,78.09
48.15,78.16
48.17,78.16
48.19,78.16
48.21,78.16
48.23,78.2
48.25,78.2
48.27,78.2
48.29,78.28
48.31,78.28
48.33,78.28
48.35,78.28
48.37,78.28
48.39,78.33
48.41,78.33
48.43,78.33
48.45,78.35
48.47,78.38
48.49,78.38
48.51,78.68
48.53,78.68
48.55,78.68
48.57,78.68
48.59,78.68
48.61,78.68
48.63,78.68
48.65,78.68
48.67,78.68
48.69,78.68
48.71,78.68
48.73,78.68
48.75,78.68
48.77,78.68
48.79,78.68
48.81,78.68
48.83,78.68
48.85,78.68
48.87,78.68
48.89,78.74
48.91,78.74
48.93,78.74
48.95,78.74
48.97,78.76
48.99,78.77
49.01,78.83
49.03,78.83
49.05,78.83
49.07,78.83
49.09,78.85
49.11,78.9
49.13,78.9
49.15,78.9
49.17,78.91
49.19,78.93
49.21,78.96
49.23,78.96
49.25,79.06
49.27,79.06
49.29,79.06
49.31,79.06
49.33,79.06
49.35,79.06
49.37,79.06
49.39,79.08
49.41,79.1
49.43,79.13
49.45,79.13
49.47,79.2
49.49,79.2
49.51,79.2
49.53,79.2
49.55,79.2
49.57,79.26
49.59,79.26
49.61,79.26
49.63,79.26
49.65,79.35
49.67,79.35
49.69,79.35
49.71,79.35
49.73,79.35
49.75,79.35
49.77,79.37
49.79,79.38
49.81,79.4
49.83,79.41
49.85,79.43
49.87,79.5
49.89,79.5
49.91,79.5
49.93,79.5
49.95,79.5
49.97,79.52
49.99,79.53
50.01,79.57
50.03,79.57
50.05,79.57
50.07,79.59
50.09,79.6
50.11,79.65
50.13,79.65
50.15,79.65
50.17,79.66
50.19,79.71
50.21,79.71
50.23,79.71
50.25,79.72
50.27,79.75
50.29,79.75
50.31,79.76
50.33,79.78
50.35,79.79
50.37,79.8
50.39,80.47
50.41,80.47
50.43,80.47
50.45,80.47
50.47,80.47
50.49,80.47
50.51,80.47
50.53,80.47
50.55,80.47
50.57,80.47
50.59,80.47
50.61,80.47
50.63,80.47
50.65,80.47
50.67,80.47
50.69,80.47
50.71,80.47
50.73,80.47
50.75,80.47
50.77,80.47
50.79,80.47
50.81,80.47
50.83,80.47
50.85,80.47
50.87,80.47
50.89,80.47
50.91,80.47
50.93,80.47
50.95,80.47
50.97,80.47
50.99,80.47
51.01,80.47
51.03,80.47
51.05,80.47
51.07,80.47
51.09,80.47
51.11,80.47
51.13,80.47
51.15,80.47
51.17,80.47
51.19,80.47
51.21,80.47
51.23,80.47
51.25,80.47
51.27,80.47
51.29,80.47
51.31,80.47
51.33,80.47
51.35,81.41
51.37,81.41
51.39,81.41
51.41,81.41
51.43,81.41
51.45,81.41
51.47,81.41
51.49,81.41
51.51,81.41
51.53,81.41
51.55,81.41
51.57,81.41
51.59,81.41
51.61,81.41
51.63,81.41
51.65,81.41
51.67,81.41
51.69,81.41
51.71,81.41
51.73,81.41
51.75,81.41
51.77,81.41
51.79,81.41
51.81,81.41
51.83,81.41
51.85,81.41
51.87,81.41
51.89,81.41
51.91,81.41
51.93,81.41
51.95,81.41
51.97,81.41
51.99,81.41
52.01,81.41
52.03,81.41
52.05,81.41
52.07,81.41
52.09,81.41
52.11,81.41
52.13,81.41
52.15,81.41
52.17,81.41
52.19,81.41
52.21,81.41
52.23,81.41
52.25,81.41
52.27,81.41
52.29,81.41
52.31,81.41
52.33,81.41
52.35,81.41
52.37,81.41
52.39,81.41
52.41,81.41
52.43,81.41
52.45,81.41
52.47,81.41
52.49,81.41
52.51,81.41
52.53,81.41
52.55,81.41
52.57,81.41
52.59,81.41
52.61,81.41
52.63,81.41
52.65,81.41
52.67,81.41
52.69,81.41
52.71,81.41
52.73,81.44
52.75,81.44
52.77,81.51
52.78,81.51
52.80,81.51
52.82,81.51
52.84,81.51
52.86,81.58
52.88,81.58
52.90,81.58
52.92,81.58
52.94,81.58
52.96,81.59
52.98,82.34
53.00,82.34
53.02,82.34
53.04,82.34
53.06,82.34
53.08,82.34
53.10,82.34
53.12,82.34
53.14,82.34
53.16,82.34
53.18,82.34
53.20,82.34
53.22,82.34
53.24,82.34
53.26,82.34
53.28,82.34
53.30,82.34
53.32,82.34
53.34,82.34
53.36,82.34
53.38,82.34
53.40,82.34
53.42,82.34
53.44,82.34
53.46,82.34
53.48,82.34
53.50,82.34
53.52,82.34
53.54,82.34
53.56,82.34
53.58,82.34
53.60,82.34
53.62,82.34
53.64,82.34
53.66,82.34
53.68,82.34
53.70,82.34
53.72,82.34
53.74,82.34
53.76,82.34
53.78,82.34
53.80,82.34
53.82,82.34
53.84,82.34
53.86,82.34
53.88,82.34
53.90,82.34
53.92,82.34
53.94,82.34
53.96,82.34
53.98,82.34
54.00,82.34
54.02,82.34
54.04,82.34
54.06,82.34
54.08,82.36
54.10,82.36
54.12,82.51
54.14,82.51
54.16,82.51
54.18,82.51
54.20,82.51
54.22,82.51
54.24,82.51
54.26,82.51
54.28,82.51
54.30,82.51
54.32,82.51
54.34,82.53
54.36,82.59
54.38,82.59
54.40,82.59
54.42,82.59
54.44,82.59
54.46,82.61
54.48,82.73
54.50,82.73
54.52,82.73
54.54,82.73
54.56,82.73
54.58,82.73
54.60,82.73
54.62,82.73
54.64,82.73
54.66,82.81
54.68,82.81
54.70,82.81
54.72,82.81
54.74,82.81
54.76,82.81
54.78,82.9
54.80,82.9
54.82,82.9
54.84,82.9
54.86,82.9
54.88,82.9
54.90,82.9
54.92,82.92
54.94,82.96
54.96,82.96
54.98,82.96
55.00,83.83
55.02,83.83
55.04,83.83
55.06,83.83
55.08,83.83
55.10,83.83
55.12,83.83
55.14,83.83
55.16,83.83
55.18,83.83
55.20,83.83
55.22,83.83
55.24,83.83
55.26,83.83
55.28,83.83
55.30,83.83
55.32,83.83
55.34,83.83
55.36,83.83
55.38,83.83
55.40,83.83
55.42,83.83
55.44,83.83
55.46,83.83
55.48,83.83
55.50,83.83
55.52,83.83
55.54,83.83
55.56,83.83
55.58,83.83
55.60,83.83
55.62,83.83
55.64,83.83
55.66,83.83
55.68,83.83
55.70,83.83
55.72,83.83
55.74,83.83
55.76,83.83
55.78,83.83
55.80,83.83
55.82,83.83
55.84,83.83
55.86,83.83
55.88,83.83
55.90,83.83
55.92,83.83
55.94,83.83
55.96,83.83
55.98,83.83
56.00,83.83
56.02,83.83
56.04,83.83
56.06,83.83
56.08,83.83
56.10,83.83
56.12,83.83
56.14,83.83
56.16,83.83
56.18,83.83
56.20,83.83
56.22,83.83
56.24,83.83
56.26,83.83
56.28,83.83
56.30,83.84
56.32,83.92
56.34,83.92
56.36,83.92
56.38,83.92
56.40,83.92
56.42,83.92
56.44,83.96
56.46,83.96
56.48,83.96
56.50,84
56.52,84
56.54,84
56.56,84.04
56.58,84.04
56.60,84.04
56.62,84.09
56.64,84.09
56.66,84.09
56.68,84.09
56.70,84.11
56.72,84.12
56.74,85.14
56.76,85.14
56.78,85.14
56.80,85.14
56.82,85.14
56.84,85.14
56.86,85.14
56.88,85.14
56.90,85.14
56.92,85.14
56.94,85.14
56.96,85.14
56.98,85.14
57.00,85.14
57.02,85.14
57.04,85.14
57.06,85.14
57.08,85.14
57.10,85.14
57.12,85.14
57.14,85.14
57.16,85.14
57.18,85.14
57.20,85.14
57.22,85.14
57.24,85.14
57.26,85.14
57.28,85.14
57.30,85.14
57.32,85.14
57.34,85.14
57.36,85.14
57.38,85.14
57.40,85.14
57.42,85.14
57.44,85.14
57.46,85.14
57.48,85.14
57.50,85.14
57.52,85.14
57.54,85.14
57.56,85.14
57.58,85.14
57.60,85.14
57.62,85.14
57.64,85.14
57.66,85.14
57.68,85.14
57.70,85.14
57.72,85.14
57.74,85.14
57.76,85.14
57.78,85.14
57.80,85.14
57.82,85.14
57.84,85.14
57.86,85.14
57.88,85.14
57.90,85.14
57.92,85.14
57.94,85.14
57.96,85.14
57.98,85.14
58.00,85.14
58.02,85.14
58.04,85.14
58.06,85.14
58.08,85.14
58.10,85.14
58.12,85.14
58.14,85.14
58.16,85.14
58.18,85.14
58.20,85.14
58.22,85.14
58.24,85.14
58.26,85.14
58.28,85.14
58.30,85.18
58.32,85.18
58.33,85.18
58.35,85.2
58.37,85.26
58.39,85.26
58.41,85.26
58.43,85.26
58.45,85.26
58.47,85.27
58.49,85.3
58.51,85.3
58.53,85.31
58.55,85.39
58.57,85.39
58.59,85.39
58.61,85.39
58.63,85.39
58.65,85.39
58.67,85.44
58.69,85.44
58.71,85.44
58.73,85.44
58.75,85.45
58.77,85.56
58.79,85.56
58.81,85.56
58.83,85.56
58.85,85.56
58.87,85.56
58.89,85.56
58.91,85.56
58.93,85.56
58.95,85.57
58.97,85.61
58.99,85.61
59.01,85.61
59.03,85.72
59.05,85.72
59.07,85.72
59.09,85.72
59.11,85.72
59.13,85.72
59.15,85.72
59.17,85.72
59.19,85.72
59.21,85.73
59.23,85.84
59.25,85.84
59.27,85.84
59.29,85.84
59.31,85.84
59.33,85.84
59.35,85.84
59.37,85.84
59.39,85.84
59.41,85.86
59.43,85.88
59.45,85.88
59.47,85.89
59.49,85.94
59.51,85.94
59.53,85.94
59.55,85.94
59.57,85.95
59.59,86.72
59.61,86.72
59.63,86.72
59.65,86.72
59.67,86.72
59.69,86.72
59.71,86.72
59.73,86.72
59.75,86.72
59.77,86.72
59.79,86.72
59.81,86.72
59.83,86.72
59.85,86.72
59.87,86.72
59.89,86.72
59.91,86.72
59.93,86.72
59.95,86.72
59.97,86.72
59.99,86.72
60.01,86.72
60.03,86.72
60.05,86.72
60.07,86.72
60.09,86.72
60.11,86.72
60.13,86.72
60.15,86.72
60.17,86.72
60.19,86.72
60.21,86.72
60.23,86.72
60.25,86.72
60.27,86.72
60.29,86.72
60.31,86.72
60.33,86.72
60.35,86.72
60.37,86.72
60.39,86.72
60.41,86.72
60.43,86.72
60.45,86.72
60.47,86.72
60.49,86.72
60.51,86.72
60.53,86.72
60.55,86.72
60.57,86.72
60.59,86.72
60.61,86.72
60.63,86.72
60.65,86.72
60.67,86.72
60.69,86.72
60.71,86.72
60.73,86.72
60.75,86.72
60.77,86.72
60.79,86.72
60.81,86.72
60.83,86.72
60.85,86.72
60.87,86.72
60.89,86.72
60.91,86.72
60.93,86.73
60.95,86.75
60.97,87.48
60.99,87.48
61.01,87.48
61.03,87.48
61.05,87.48
61.07,87.48
61.09,87.48
61.11,87.48
61.13,87.48
61.15,87.48
61.17,87.48
61.19,87.48
61.21,87.48
61.23,87.48
61.25,87.48
61.27,87.48
61.29,87.48
61.31,87.48
61.33,87.48
61.35,87.48
61.37,87.48
61.39,87.48
61.41,87.48
61.43,87.48
61.45,87.48
61.47,87.48
61.49,87.48
61.51,87.48
61.53,87.48
61.55,87.48
61.57,87.48
61.59,87.48
61.61,87.48
61.63,87.48
61.65,87.48
61.67,87.48
61.69,87.48
61.71,87.48
61.73,87.48
61.75,87.48
61.77,87.48
61.79,87.48
61.81,87.48
61.83,87.48
61.85,87.48
61.87,87.48
61.89,87.48
61.91,87.48
61.93,87.48
61.95,87.48
61.97,87.48
61.99,87.48
62.01,87.48
62.03,87.48
62.05,87.48
62.07,87.48
62.09,87.48
62.11,87.48
62.13,87.48
62.15,87.48
62.17,87.48
62.19,87.48
62.21,87.48
62.23,87.48
62.25,87.48
62.27,87.48
62.29,87.48
62.31,87.51
62.33,87.51
62.35,87.51
62.37,88.23
62.39,88.23
62.41,88.23
62.43,88.23
62.45,88.23
62.47,88.23
62.49,88.23
62.51,88.23
62.53,88.23
62.55,88.23
62.57,88.23
62.59,88.23
62.61,88.23
62.63,88.23
62.65,88.23
62.67,88.23
62.69,88.23
62.71,88.23
62.73,88.23
62.75,88.23
62.77,88.23
62.79,88.23
62.81,88.23
62.83,88.23
62.85,88.23
62.87,88.23
62.89,88.23
62.91,88.23
62.93,88.23
62.95,88.23
62.97,88.23
62.99,88.23
63.01,88.23
63.03,88.23
63.05,88.23
63.07,88.23
63.09,88.23
63.11,88.23
63.13,88.23
63.15,88.23
63.17,88.23
63.19,88.23
63.21,88.23
63.23,88.23
63.25,88.23
63.27,88.23
63.29,88.23
63.31,88.23
63.33,88.23
63.35,88.23
63.37,88.23
63.39,88.23
63.41,88.23
63.43,88.23
63.45,88.23
63.47,88.23
63.49,88.23
63.51,88.23
63.53,88.23
63.55,88.23
63.57,88.23
63.59,88.23
63.61,88.23
63.63,88.23
63.65,88.23
63.67,88.23
63.69,88.27
63.71,88.27
63.73,88.27
63.75,88.27
63.77,88.29
63.79,88.29
63.81,88.33
63.83,88.33
63.85,88.33
63.87,88.41
63.89,88.41
63.90,88.41
63.92,88.41
63.94,88.41
63.96,88.41
63.98,88.41
64.00,88.41
64.02,88.42
64.04,88.45
64.06,88.45
64.08,88.46
64.10,89.17
64.12,89.17
64.14,89.17
64.16,89.17
64.18,89.17
64.20,89.17
64.22,89.17
64.24,89.17
64.26,89.17
64.28,89.17
64.30,89.17
64.32,89.17
64.34,89.17
64.36,89.17
64.38,89.17
64.40,89.17
64.42,89.17
64.44,89.17
64.46,89.17
64.48,89.17
64.50,89.17
64.52,89.17
64.54,89.17
64.56,89.17
64.58,89.17
64.60,89.17
64.62,89.17
64.64,89.17
64.66,89.17
64.68,89.17
64.70,89.17
64.72,89.17
64.74,89.17
64.76,89.17
64.78,89.17
64.80,89.17
64.82,89.17
64.84,89.17
64.86,89.17
64.88,89.17
64.90,89.17
64.92,89.17
64.94,89.17
64.96,89.17
64.98,89.17
65.00,89.17
65.02,89.17
65.04,89.17
65.06,89.17
65.08,89.17
65.10,89.17
65.12,89.17
65.14,89.17
65.16,89.17
65.18,89.17
65.20,89.17
65.22,89.17
65.24,89.17
65.26,89.17
65.28,89.17
65.30,89.17
65.32,89.17
65.34,89.17
65.36,89.17
65.38,89.17
65.40,89.17
65.42,89.17
65.44,89.24
65.46,89.24
65.48,89.24
65.50,89.24
65.52,89.24
65.54,89.24
65.56,89.26
65.58,89.26
65.60,89.29
65.62,89.29
65.64,89.29
65.66,89.33
65.68,89.33
65.70,89.33
65.72,89.33
65.74,89.35
65.76,89.35
65.78,89.93
65.80,89.93
65.82,89.93
65.84,89.93
65.86,89.93
65.88,89.93
65.90,89.93
65.92,89.93
65.94,89.93
65.96,89.93
65.98,89.93
66.00,89.93
66.02,89.93
66.04,89.93
66.06,89.93
66.08,89.93
66.10,89.93
66.12,89.93
66.14,89.93
66.16,89.93
66.18,89.93
66.20,89.93
66.22,89.93
66.24,89.93
66.26,89.93
66.28,89.93
66.30,89.93
66.32,89.93
66.34,89.93
66.36,89.93
66.38,89.93
66.40,89.93
66.42,89.93
66.44,89.93
66.46,89.93
66.48,89.93
66.50,89.93
66.52,89.93
66.54,89.93
66.56,89.93
66.58,89.93
66.60,89.93
66.62,89.93
66.64,89.93
66.66,89.93
66.68,89.93
66.70,89.93
66.72,89.93
66.74,89.93
66.76,89.93
66.78,89.93
66.80,89.93
66.82,89.93
66.84,89.93
66.86,89.93
66.88,89.98
66.90,89.98
66.92,89.98
66.94,89.98
66.96,89.98
66.98,89.99
67.00,90
67.02,90.02
67.04,90.03
67.06,90.05
67.08,90.05
67.10,90.07
67.12,90.07
67.14,90.08
67.16,90.09
67.18,90.14
67.20,90.14
67.22,90.14
67.24,90.14
67.26,90.14
67.28,90.23
67.30,90.23
67.32,90.23
67.34,90.23
67.36,90.23
67.38,90.23
67.40,90.23
67.42,90.23
67.44,90.23
67.46,90.29
67.48,90.29
67.50,90.29
67.52,90.29
67.54,90.29
67.56,90.29
67.58,90.34
67.60,90.34
67.62,90.34
67.64,90.34
67.66,90.34
67.68,90.4
67.70,90.4
67.72,90.4
67.74,90.4
67.76,90.4
67.78,90.4
67.80,90.41
67.82,90.42
67.84,90.45
67.86,90.45
67.88,90.45
67.90,90.47
67.92,90.47
67.94,90.47
67.96,91.15
67.98,91.15
68.00,91.15
68.02,91.15
68.04,91.15
68.06,91.15
68.08,91.15
68.10,91.15
68.12,91.15
68.14,91.15
68.16,91.15
68.18,91.15
68.20,91.15
68.22,91.15
68.24,91.15
68.26,91.15
68.28,91.15
68.30,91.15
68.32,91.15
68.34,91.15
68.36,91.15
68.38,91.15
68.40,91.15
68.42,91.15
68.44,91.15
68.46,91.15
68.48,91.15
68.50,91.15
68.52,91.15
68.54,91.15
68.56,91.15
68.58,91.15
68.60,91.15
68.62,91.15
68.64,91.15
68.66,91.15
68.68,91.15
68.70,91.15
68.72,91.15
68.74,91.15
68.76,91.15
68.78,91.15
68.80,91.15
68.82,91.15
68.84,91.15
68.86,91.15
68.88,91.15
68.90,91.15
68.92,91.15
68.94,91.15
68.96,91.15
68.98,91.15
69.00,91.15
69.02,91.15
69.04,91.15
69.06,91.15
69.08,91.15
69.10,91.15
69.12,91.15
69.14,91.15
69.16,91.15
69.18,91.15
69.20,91.15
69.22,91.15
69.24,91.15
69.26,91.15
69.28,91.15
69.30,91.15
69.32,91.15
69.34,91.15
69.36,91.15
69.38,91.15
69.40,91.15
69.42,91.16
69.44,91.18
69.45,91.18
69.47,91.19
69.49,91.19
69.51,91.2
69.53,91.21
69.55,91.22
69.57,92.26
69.59,92.26
69.61,92.26
69.63,92.26
69.65,92.26
69.67,92.26
69.69,92.26
69.71,92.26
69.73,92.26
69.75,92.26
69.77,92.26
69.79,92.26
69.81,92.26
69.83,92.26
69.85,92.26
69.87,92.26
69.89,92.26
69.91,92.26
69.93,92.26
69.95,92.26
69.97,92.26
69.99,92.26
70.01,92.26
70.03,92.26
70.05,92.26
70.07,92.26
70.09,92.26
70.11,92.26
70.13,92.26
70.15,92.26
70.17,92.26
70.19,92.26
70.21,92.26
70.23,92.26
70.25,92.26
70.27,92.26
70.29,92.26
70.31,92.26
70.33,92.26
70.35,92.26
70.37,92.26
70.39,92.26
70.41,92.26
70.43,92.26
70.45,92.26
70.47,92.26
70.49,92.26
70.51,92.26
70.53,92.26
70.55,92.26
70.57,92.26
70.59,92.26
70.61,92.26
70.63,92.26
70.65,92.26
70.67,92.26
70.69,92.26
70.71,92.26
70.73,92.26
70.75,92.26
70.77,92.26
70.79,92.26
70.81,92.26
70.83,92.26
70.85,92.26
70.87,92.26
70.89,92.26
70.91,92.26
70.93,92.26
70.95,92.26
70.97,92.26
70.99,92.26
71.01,92.26
71.03,92.26
71.05,92.26
71.07,92.26
71.09,92.26
71.11,92.26
71.13,92.26
71.15,92.26
71.17,92.26
71.19,92.26
71.21,92.26
71.23,92.26
71.25,92.26
71.27,92.26
71.29,92.26
71.31,92.26
71.33,92.26
71.35,92.26
71.37,92.26
71.39,92.26
71.41,92.26
71.43,92.26
71.45,92.26
71.47,92.26
71.49,92.26
71.51,92.26
71.53,92.26
71.55,92.26
71.57,92.26
71.59,92.26
71.61,92.26
71.63,92.26
71.65,92.26
71.67,92.26
71.69,92.26
71.71,92.26
71.73,92.26
71.75,92.26
71.77,92.26
71.79,92.26
71.81,92.26
71.83,92.26
71.85,92.26
71.87,92.26
71.89,92.26
71.91,92.26
71.93,92.26
71.95,92.26
71.97,92.26
71.99,92.26
72.01,92.26
72.03,92.26
72.05,92.26
72.07,92.26
72.09,92.26
72.11,92.28
72.13,92.28
72.15,92.3
72.17,92.3
72.19,92.3
72.21,92.33
72.23,92.33
72.25,92.33
72.27,93.29
72.29,93.29
72.31,93.29
72.33,93.29
72.35,93.29
72.37,93.29
72.39,93.29
72.41,93.29
72.43,93.29
72.45,93.29
72.47,93.29
72.49,93.29
72.51,93.29
72.53,93.29
72.55,93.29
72.57,93.29
72.59,93.29
72.61,93.29
72.63,93.29
72.65,93.29
72.67,93.29
72.69,93.29
72.71,93.29
72.73,93.29
72.75,93.29
72.77,93.29
72.79,93.29
72.81,93.29
72.83,93.29
72.85,93.29
72.87,93.29
72.89,93.29
72.91,93.29
72.93,93.29
72.95,93.29
72.97,93.29
72.99,93.29
73.01,93.29
73.03,93.29
73.05,93.29
73.07,93.29
73.09,93.29
73.11,93.29
73.13,93.29
73.15,93.29
73.17,93.29
73.19,93.29
73.21,93.29
73.23,93.29
73.25,93.29
73.27,93.29
73.29,93.29
73.31,93.29
73.33,93.29
73.35,93.29
73.37,93.29
73.39,93.29
73.41,93.29
73.43,93.29
73.45,93.29
73.47,93.29
73.49,93.29
73.51,93.29
73.53,93.29
73.55,93.29
73.57,93.29
73.59,93.29
73.61,93.29
73.63,93.29
73.65,93.29
73.67,93.29
73.69,93.29
73.71,93.29
73.73,93.29
73.75,93.29
73.77,93.29
73.79,93.29
73.81,93.29
73.83,93.29
73.85,93.29
73.87,93.29
73.89,93.29
73.91,93.29
73.93,93.29
73.95,93.29
73.97,93.29
73.99,93.29
74.01,93.29
74.03,93.29
74.05,93.29
74.07,93.29
74.09,93.29
74.11,93.29
74.13,93.29
74.15,93.29
74.17,93.29
74.19,93.29
74.21,93.29
74.23,93.29
74.25,93.29
74.27,93.29
74.29,93.29
74.31,93.29
74.33,93.29
74.35,93.29
74.37,93.29
74.39,93.29
74.41,93.29
74.43,93.29
74.45,93.29
74.47,93.29
74.49,93.29
74.51,93.29
74.53,93.29
74.55,93.29
74.57,93.29
74.59,93.29
74.61,93.29
74.63,93.3
74.65,93.3
74.67,93.35
74.69,93.35
74.71,93.35
74.73,93.35
74.75,93.35
74.77,93.35
74.79,93.37
74.81,93.37
74.83,93.39
74.85,93.39
74.87,93.39
74.89,94.33
74.91,94.33
74.93,94.33
74.95,94.33
74.97,94.33
74.99,94.33
75.00,94.33
75.02,94.33
75.04,94.33
75.06,94.33
75.08,94.33
75.10,94.33
75.12,94.33
75.14,94.33
75.16,94.33
75.18,94.33
75.20,94.33
75.22,94.33
75.24,94.33
75.26,94.33
75.28,94.33
75.30,94.33
75.32,94.33
75.34,94.33
75.36,94.33
75.38,94.33
75.40,94.33
75.42,94.33
75.44,94.33
75.46,94.33
75.48,94.33
75.50,94.33
75.52,94.33
75.54,94.33
75.56,94.33
75.58,94.33
75.60,94.33
75.62,94.33
75.64,94.33
75.66,94.33
75.68,94.33
75.70,94.33
75.72,94.33
75.74,94.33
75.76,94.33
75.78,94.33
75.80,94.33
75.82,94.33
75.84,94.33
75.86,94.33
75.88,94.33
75.90,94.33
75.92,94.33
75.94,94.33
75.96,94.33
75.98,94.33
76.00,94.33
76.02,94.33
76.04,94.33
76.06,94.33
76.08,94.33
76.10,94.33
76.12,94.33
76.14,94.33
76.16,94.33
76.18,94.33
76.20,94.33
76.22,94.33
76.24,94.33
76.26,94.33
76.28,94.33
76.30,94.33
76.32,94.33
76.34,94.33
76.36,94.33
76.38,94.33
76.40,94.33
76.42,94.33
76.44,94.33
76.46,94.33
76.48,94.33
76.50,94.33
76.52,94.33
76.54,94.33
76.56,94.33
76.58,94.33
76.60,94.33
76.62,94.33
76.64,94.33
76.66,94.33
76.68,94.33
76.70,94.33
76.72,94.33
76.74,94.33
76.76,94.33
76.78,94.33
76.80,94.33
76.82,94.33
76.84,94.33
76.86,94.33
76.88,94.33
76.90,94.33
76.92,94.33
76.94,94.33
76.96,94.33
76.98,94.33
77.00,94.33
77.02,94.33
77.04,94.33
77.06,94.33
77.08,94.33
77.10,94.33
77.12,94.33
77.14,94.33
77.16,94.33
77.18,94.33
77.20,94.33
77.22,94.35
77.24,94.35
77.26,94.37
77.28,94.37
77.30,94.4
77.32,94.4
77.34,94.4
77.36,94.4
77.38,94.4
77.40,94.41
77.42,95.17
77.44,95.17
77.46,95.17
77.48,95.17
77.50,95.17
77.52,95.17
77.54,95.17
77.56,95.17
77.58,95.17
77.60,95.17
77.62,95.17
77.64,95.17
77.66,95.17
77.68,95.17
77.70,95.17
77.72,95.17
77.74,95.17
77.76,95.17
77.78,95.17
77.80,95.17
77.82,95.17
77.84,95.17
77.86,95.17
77.88,95.17
77.90,95.17
77.92,95.17
77.94,95.17
77.96,95.17
77.98,95.17
78.00,95.17
78.02,95.17
78.04,95.17
78.06,95.17
78.08,95.17
78.10,95.17
78.12,95.17
78.14,95.17
78.16,95.17
78.18,95.17
78.20,95.17
78.22,95.17
78.24,95.17
78.26,95.17
78.28,95.17
78.30,95.17
78.32,95.17
78.34,95.17
78.36,95.17
78.38,95.17
78.40,95.17
78.42,95.17
78.44,95.17
78.46,95.17
78.48,95.17
78.50,95.17
78.52,95.17
78.54,95.17
78.56,95.17
78.58,95.17
78.60,95.17
78.62,95.17
78.64,95.17
78.66,95.17
78.68,95.17
78.70,95.17
78.72,95.17
78.74,95.17
78.76,95.17
78.78,95.17
78.80,95.17
78.82,95.17
78.84,95.17
78.86,95.17
78.88,95.17
78.90,95.17
78.92,95.17
78.94,95.17
78.96,95.17
78.98,95.17
79.00,95.17
79.02,95.17
79.04,95.17
79.06,95.17
79.08,95.17
79.10,95.17
79.12,95.17
79.14,95.17
79.16,95.17
79.18,95.17
79.20,95.17
79.22,95.17
79.24,95.17
79.26,95.17
79.28,95.17
79.30,95.17
79.32,95.17
79.34,95.18
79.36,95.18
79.38,95.19
79.40,95.2
79.42,95.21
79.44,95.22
79.46,95.22
79.48,95.23
79.50,95.24
79.52,95.24
79.54,95.27
79.56,95.27
79.58,95.27
79.60,95.27
79.62,95.29
79.64,95.29
79.66,96.13
79.68,96.13
79.70,96.13
79.72,96.13
79.74,96.13
79.76,96.13
79.78,96.13
79.80,96.13
79.82,96.13
79.84,96.13
79.86,96.13
79.88,96.13
79.90,96.13
79.92,96.13
79.94,96.13
79.96,96.13
79.98,96.13
80.00,96.13
80.02,96.13
80.04,96.13
80.06,96.13
80.08,96.13
80.10,96.13
80.12,96.13
80.14,96.13
80.16,96.13
80.18,96.13
80.20,96.13
80.22,96.13
80.24,96.13
80.26,96.13
80.28,96.13
80.30,96.13
80.32,96.13
80.34,96.13
80.36,96.13
80.38,96.13
80.40,96.13
80.42,96.13
80.44,96.13
80.46,96.13
80.48,96.13
80.50,96.13
80.52,96.13
80.54,96.13
80.56,96.13
80.57,96.13
80.59,96.13
80.61,96.13
80.63,96.13
80.65,96.13
80.67,96.13
80.69,96.13
80.71,96.13
80.73,96.13
80.75,96.13
80.77,96.13
80.79,96.13
80.81,96.13
80.83,96.13
80.85,96.13
80.87,96.13
80.89,96.13
80.91,96.13
80.93,96.13
80.95,96.13
80.97,96.13
80.99,96.13
81.01,96.13
81.03,96.13
81.05,96.13
81.07,96.13
81.09,96.13
81.11,96.13
81.13,96.13
81.15,96.13
81.17,96.13
81.19,96.13
81.21,96.13
81.23,96.13
81.25,96.13
81.27,96.13
81.29,96.13
81.31,96.13
81.33,96.13
81.35,96.13
81.37,96.13
81.39,96.13
81.41,96.13
81.43,96.13
81.45,96.13
81.47,96.13
81.49,96.13
81.51,96.13
81.53,96.13
81.55,96.13
81.57,96.13
81.59,96.13
81.61,96.13
81.63,96.13
81.65,96.13
81.67,96.13
81.69,96.13
81.71,96.13
81.73,96.13
81.75,96.13
81.77,96.13
81.79,96.13
81.81,96.13
81.83,96.13
81.85,96.13
81.87,96.13
81.89,96.13
81.91,96.13
81.93,96.13
81.95,96.13
81.97,96.13
81.99,96.13
82.01,96.13
82.03,96.13
82.05,96.13
82.07,96.13
82.09,96.14
82.11,96.15
82.13,96.15
82.15,96.16
82.17,96.16
82.19,96.19
82.21,96.19
82.23,96.19
82.25,96.19
82.27,96.86
82.29,96.86
82.31,96.86
82.33,96.86
82.35,96.86
82.37,96.86
82.39,96.86
82.41,96.86
82.43,96.86
82.45,96.86
82.47,96.86
82.49,96.86
82.51,96.86
82.53,96.86
82.55,96.86
82.57,96.86
82.59,96.86
82.61,96.86
82.63,96.86
82.65,96.86
82.67,96.86
82.69,96.86
82.71,96.86
82.73,96.86
82.75,96.86
82.77,96.86
82.79,96.86
82.81,96.86
82.83,96.86
82.85,96.86
82.87,96.86
82.89,96.86
82.91,96.86
82.93,96.86
82.95,96.86
82.97,96.86
82.99,96.86
83.01,96.86
83.03,96.86
83.05,96.86
83.07,96.86
83.09,96.86
83.11,96.86
83.13,96.86
83.15,96.86
83.17,96.86
83.19,96.86
83.21,96.86
83.23,96.86
83.25,96.86
83.27,96.86
83.29,96.86
83.31,96.86
83.33,96.86
83.35,96.86
83.37,96.86
83.39,96.86
83.41,96.86
83.43,96.86
83.45,96.86
83.47,96.86
83.49,96.86
83.51,96.86
83.53,96.86
83.55,96.86
83.57,96.86
83.59,96.86
83.61,96.86
83.63,96.86
83.65,96.86
83.67,96.86
83.69,96.86
83.71,96.86
83.73,96.86
83.75,96.86
83.77,96.86
83.79,96.86
83.81,96.86
83.83,96.86
83.85,96.86
83.87,96.86
83.89,96.86
83.91,96.86
83.93,96.86
83.95,96.86
83.97,96.86
83.99,96.86
84.01,96.86
84.03,96.86
84.05,96.86
84.07,96.86
84.09,96.86
84.11,96.86
84.13,96.86
84.15,96.86
84.17,96.86
84.19,96.86
84.21,96.86
84.23,96.86
84.25,96.86
84.27,96.86
84.29,96.86
84.31,96.86
84.33,96.86
84.35,96.86
84.37,96.86
84.39,96.86
84.41,96.86
84.43,96.86
84.45,96.86
84.47,96.86
84.49,96.86
84.51,96.86
84.53,96.86
84.55,96.86
84.57,96.86
84.59,96.86
84.61,96.86
84.63,96.86
84.65,96.86
84.67,96.86
84.69,96.86
84.71,96.86
84.73,96.86
84.75,97.39
84.77,97.39
84.79,97.39
84.81,97.39
84.83,97.39
84.85,97.39
84.87,97.39
84.89,97.39
84.91,97.39
84.93,97.39
84.95,97.39
84.97,97.39
84.99,97.39
85.01,97.39
85.03,97.39
85.05,97.39
85.07,97.39
85.09,97.39
85.11,97.39
85.13,97.39
85.15,97.39
85.17,97.39
85.19,97.39
85.21,97.39
85.23,97.39
85.25,97.39
85.27,97.39
85.29,97.39
85.31,97.39
85.33,97.39
85.35,97.39
85.37,97.39
85.39,97.39
85.41,97.39
85.43,97.39
85.45,97.39
85.47,97.39
85.49,97.39
85.51,97.39
85.53,97.39
85.55,97.39
85.57,97.39
85.59,97.39
85.61,97.39
85.63,97.39
85.65,97.39
85.67,97.39
85.69,97.39
85.71,97.39
85.73,97.39
85.75,97.39
85.77,97.39
85.79,97.39
85.81,97.39
85.83,97.39
85.85,97.39
85.87,97.39
85.89,97.39
85.91,97.39
85.93,97.39
85.95,97.39
85.97,97.39
85.99,97.39
86.01,97.39
86.03,97.39
86.05,97.39
86.07,97.39
86.09,97.39
86.11,97.39
86.12,97.39
86.14,97.39
86.16,97.39
86.18,97.39
86.20,97.39
86.22,97.39
86.24,97.39
86.26,97.39
86.28,97.39
86.30,97.39
86.32,97.39
86.34,97.39
86.36,97.39
86.38,97.39
86.40,97.39
86.42,97.39
86.44,97.39
86.46,97.39
86.48,97.39
86.50,97.39
86.52,97.39
86.54,97.39
86.56,97.39
86.58,97.39
86.60,97.39
86.62,97.39
86.64,97.39
86.66,97.39
86.68,97.4
86.70,97.4
86.72,98.06
86.74,98.06
86.76,98.06
86.78,98.06
86.80,98.06
86.82,98.06
86.84,98.06
86.86,98.06
86.88,98.06
86.90,98.06
86.92,98.06
86.94,98.06
86.96,98.06
86.98,98.06
87.00,98.06
87.02,98.06
87.04,98.06
87.06,98.06
87.08,98.06
87.10,98.06
87.12,98.06
87.14,98.06
87.16,98.06
87.18,98.06
87.20,98.06
87.22,98.06
87.24,98.06
87.26,98.06
87.28,98.06
87.30,98.06
87.32,98.06
87.34,98.06
87.36,98.06
87.38,98.06
87.40,98.06
87.42,98.06
87.44,98.06
87.46,98.06
87.48,98.06
87.50,98.06
87.52,98.06
87.54,98.06
87.56,98.06
87.58,98.06
87.60,98.06
87.62,98.06
87.64,98.06
87.66,98.06
87.68,98.06
87.70,98.06
87.72,98.06
87.74,98.06
87.76,98.06
87.78,98.06
87.80,98.06
87.82,98.06
87.84,98.06
87.86,98.06
87.88,98.06
87.90,98.06
87.92,98.06
87.94,98.06
87.96,98.06
87.98,98.06
88.00,98.06
88.02,98.06
88.04,98.06
88.06,98.06
88.08,98.06
88.10,98.06
88.12,98.06
88.14,98.06
88.16,98.06
88.18,98.06
88.20,98.06
88.22,98.06
88.24,98.06
88.26,98.06
88.28,98.06
88.30,98.06
88.32,98.06
88.34,98.06
88.36,98.06
88.38,98.06
88.40,98.06
88.42,98.06
88.44,98.06
88.46,98.06
88.48,98.06
88.50,98.06
88.52,98.06
88.54,98.06
88.56,98.06
88.58,98.06
88.60,98.06
88.62,98.06
88.64,98.06
88.66,98.06
88.68,98.06
88.70,98.06
88.72,98.06
88.74,98.06
88.76,98.06
88.78,98.06
88.80,98.06
88.82,98.06
88.84,98.06
88.86,98.06
88.88,98.06
88.90,98.06
88.92,98.06
88.94,98.06
88.96,98.06
88.98,98.06
89.00,98.06
89.02,98.06
89.04,98.06
89.06,98.06
89.08,98.06
89.10,98.06
89.12,98.06
89.14,98.06
89.16,98.06
89.18,98.69
89.20,98.69
89.22,98.69
89.24,98.69
89.26,98.69
89.28,98.69
89.30,98.69
89.32,98.69
89.34,98.69
89.36,98.69
89.38,98.69
89.40,98.69
89.42,98.69
89.44,98.69
89.46,98.69
89.48,98.69
89.50,98.69
89.52,98.69
89.54,98.69
89.56,98.69
89.58,98.69
89.60,98.69
89.62,98.69
89.64,98.69
89.66,98.69
89.68,98.69
89.70,98.69
89.72,98.69
89.74,98.69
89.76,98.69
89.78,98.69
89.80,98.69
89.82,98.69
89.84,98.69
89.86,98.69
89.88,98.69
89.90,98.69
89.92,98.69
89.94,98.69
89.96,98.69
89.98,98.69
90.00,98.69
90.02,98.69
90.04,98.69
90.06,98.69
90.08,98.69
90.10,98.69
90.12,98.69
90.14,98.69
90.16,98.69
90.18,98.69
90.20,98.69
90.22,98.69
90.24,98.69
90.26,98.69
90.28,98.69
90.30,98.69
90.32,98.69
90.34,98.69
90.36,98.69
90.38,98.69
90.40,98.69
90.42,98.69
90.44,98.69
90.46,98.69
90.48,98.69
90.50,98.69
90.52,98.69
90.54,98.69
90.56,98.69
90.58,98.69
90.60,98.69
90.62,98.69
90.64,98.69
90.66,98.69
90.68,98.69
90.70,98.69
90.72,98.69
90.74,98.69
90.76,98.69
90.78,98.69
90.80,98.69
90.82,98.69
90.84,98.69
90.86,98.69
90.88,98.69
90.90,98.69
90.92,98.69
90.94,98.69
90.96,98.69
90.98,98.69
91.00,98.69
91.02,98.69
91.04,98.69
91.06,98.69
91.08,98.69
91.10,98.69
91.12,98.69
91.14,98.69
91.16,98.69
91.18,98.69
91.20,98.69
91.22,98.69
91.24,98.69
91.26,98.69
91.28,98.69
91.30,98.69
91.32,98.69
91.34,98.69
91.36,98.69
91.38,98.69
91.40,98.69
91.42,98.69
91.44,98.69
91.46,98.69
91.48,98.69
91.50,98.69
91.52,98.69
91.54,98.69
91.56,98.69
91.58,98.7
91.60,98.7
91.62,98.71
91.64,98.71
91.66,99.27
91.67,99.27
91.69,99.27
91.71,99.27
91.73,99.27
91.75,99.27
91.77,99.27
91.79,99.27
91.81,99.27
91.83,99.27
91.85,99.27
91.87,99.27
91.89,99.27
91.91,99.27
91.93,99.27
91.95,99.27
91.97,99.27
91.99,99.27
92.01,99.27
92.03,99.27
92.05,99.27
92.07,99.27
92.09,99.27
92.11,99.27
92.13,99.27
92.15,99.27
92.17,99.27
92.19,99.27
92.21,99.27
92.23,99.27
92.25,99.27
92.27,99.27
92.29,99.27
92.31,99.27
92.33,99.27
92.35,99.27
92.37,99.27
92.39,99.27
92.41,99.27
92.43,99.27
92.45,99.27
92.47,99.27
92.49,99.27
92.51,99.27
92.53,99.27
92.55,99.27
92.57,99.27
92.59,99.27
92.61,99.27
92.63,99.27
92.65,99.27
92.67,99.27
92.69,99.27
92.71,99.27
92.73,99.27
92.75,99.27
92.77,99.27
92.79,99.27
92.81,99.27
92.83,99.27
92.85,99.27
92.87,99.27
92.89,99.27
92.91,99.27
92.93,99.27
92.95,99.27
92.97,99.27
92.99,99.27
93.01,99.27
93.03,99.27
93.05,99.27
93.07,99.27
93.09,99.27
93.11,99.27
93.13,99.27
93.15,99.27
93.17,99.27
93.19,99.27
93.21,99.27
93.23,99.27
93.25,99.27
93.27,99.27
93.29,99.27
93.31,99.27
93.33,99.27
93.35,99.27
93.37,99.27
93.39,99.27
93.41,99.27
93.43,99.27
93.45,99.27
93.47,99.27
93.49,99.27
93.51,99.27
93.53,99.27
93.55,99.27
93.57,99.27
93.59,99.27
93.61,99.27
93.63,99.27
93.65,99.27
93.67,99.27
93.69,99.27
93.71,99.27
93.73,99.27
93.75,99.27
93.77,99.27
93.79,99.27
93.81,99.27
93.83,99.27
93.85,99.27
93.87,99.27
93.89,99.27
93.91,99.27
93.93,99.27
93.95,99.27
93.97,99.27
93.99,99.27
94.01,99.27
94.03,99.27
94.05,99.27
94.07,99.27
94.09,99.28
94.11,99.28
94.13,99.29
94.15,99.29
94.17,99.29
94.19,99.3
94.21,99.3
94.23,99.31
94.25,99.32
94.27,99.32
94.29,99.32
94.31,99.33
94.33,99.33
94.35,99.33
94.37,99.33
94.39,99.33
94.41,99.34
94.43,99.34
94.45,99.34
94.47,99.48
94.49,99.48
94.51,99.48
94.53,99.48
94.55,99.48
94.57,99.48
94.59,99.48
94.61,99.48
94.63,99.48
94.65,99.48
94.67,99.48
94.69,99.48
94.71,99.48
94.73,99.48
94.75,99.48
94.77,99.48
94.79,99.48
94.81,99.48
94.83,99.48
94.85,99.48
94.87,99.48
94.89,99.48
94.91,99.48
94.93,99.48
94.95,99.48
94.97,99.48
94.99,99.48
95.01,99.48
95.03,99.48
95.05,99.48
95.07,99.48
95.09,99.48
95.11,99.48
95.13,99.48
95.15,99.48
95.17,99.48
95.19,99.48
95.21,99.48
95.23,99.48
95.25,99.48
95.27,99.48
95.29,99.48
95.31,99.48
95.33,99.48
95.35,99.48
95.37,99.48
95.39,99.48
95.41,99.48
95.43,99.48
95.45,99.48
95.47,99.48
95.49,99.48
95.51,99.59
95.53,99.59
95.55,99.59
95.57,99.59
95.59,99.59
95.61,99.59
95.63,99.59
95.65,99.59
95.67,99.59
95.69,99.59
95.71,99.59
95.73,99.59
95.75,99.59
95.77,99.59
95.79,99.59
95.81,99.59
95.83,99.59
95.85,99.59
95.87,99.59
95.89,99.59
95.91,99.59
95.93,99.59
95.95,99.59
95.97,99.59
95.99,99.59
96.01,99.59
96.03,99.59
96.05,99.59
96.07,99.59
96.09,99.59
96.11,99.59
96.13,99.59
96.15,99.59
96.17,99.59
96.19,99.59
96.21,99.59
96.23,99.59
96.25,99.59
96.27,99.59
96.29,99.59
96.31,99.59
96.33,99.6
96.35,99.6
96.37,99.74
96.39,99.74
96.41,99.74
96.43,99.74
96.45,99.74
96.47,99.74
96.49,99.74
96.51,99.74
96.53,99.74
96.55,99.74
96.57,99.74
96.59,99.74
96.61,99.74
96.63,99.74
96.65,99.74
96.67,99.74
96.69,99.74
96.71,99.74
96.73,99.74
96.75,99.74
96.77,99.74
96.79,99.74
96.81,99.74
96.83,99.74
96.85,99.74
96.87,99.74
96.89,99.74
96.91,99.74
96.93,99.74
96.95,99.74
96.97,99.74
96.99,99.74
97.01,99.74
97.03,99.74
97.05,99.74
97.07,99.74
97.09,99.74
97.11,99.74
97.13,99.74
97.15,99.74
97.17,99.74
97.19,99.74
97.21,99.74
97.22,99.74
97.24,99.74
97.26,99.74
97.28,99.74
97.30,99.74
97.32,99.74
97.34,99.74
97.36,99.74
97.38,99.74
97.40,99.84
97.42,99.84
97.44,99.84
97.46,99.84
97.48,99.84
97.50,99.84
97.52,99.84
97.54,99.84
97.56,99.84
97.58,99.84
97.60,99.84
97.62,99.84
97.64,99.84
97.66,99.84
97.68,99.84
97.70,99.84
97.72,99.84
97.74,99.84
97.76,99.84
97.78,99.84
97.80,99.84
97.82,99.84
97.84,99.84
97.86,99.84
97.88,99.84
97.90,99.84
97.92,99.84
97.94,99.84
97.96,99.84
97.98,99.84
98.00,99.84
98.02,99.84
98.04,99.84
98.06,99.84
98.08,99.84
98.10,99.84
98.12,99.84
98.14,99.84
98.16,99.94
98.18,99.94
98.20,99.94
98.22,99.94
98.24,99.94
98.26,99.94
98.28,99.94
98.30,99.94
98.32,99.94
98.34,99.94
98.36,99.94
98.38,99.94
98.40,99.94
98.42,99.94
98.44,99.94
98.46,99.94
98.48,99.94
98.50,99.94
98.52,99.94
98.54,99.94
98.56,99.94
98.58,99.94
98.60,99.94
98.62,99.94
98.64,99.94
98.66,99.94
98.68,99.94
98.70,99.94
98.72,99.94
98.74,99.94
98.76,99.94
98.78,99.94
98.80,99.94
98.82,99.94
98.84,99.94
98.86,99.94
98.88,99.94
98.90,99.94
98.92,99.94
98.94,99.94
98.96,99.94
98.98,99.94
99.00,99.94
99.02,99.94
99.04,99.95
99.06,99.95
99.08,99.95
99.10,99.95
99.12,99.95
99.14,99.96
99.16,99.96
99.18,99.96
99.20,99.96
99.22,99.96
99.24,99.96
99.26,99.96
99.28,99.98
99.30,99.98
99.32,99.98
99.34,99.98
99.36,99.98
99.38,99.98
99.40,99.98
99.42,99.98
99.44,99.98
99.46,99.98
99.48,99.98
99.50,99.98
99.52,99.98
99.54,99.98
99.56,99.99
99.58,99.99
99.60,99.99
99.62,99.99
99.64,99.99
99.66,99.99
99.68,99.99
99.70,99.99
99.72,99.99
99.74,99.99
99.76,99.99
99.78,99.99
99.80,100
99.82,100
99.84,100
99.86,100
99.88,100
99.90,100
99.92,100
99.94,100
99.96,100
99.98,100
100.00,100
